{
	"format_version": "1.12.0",
	"minecraft:geometry": [
		{
			"description": {
				"identifier": "geometry.unknown",
				"texture_width": 16,
				"texture_height": 16,
				"visible_bounds_width": 3,
				"visible_bounds_height": 3.5,
				"visible_bounds_offset": [0, 1.25, 0]
			},
			"bones": [
				{
					"name": "bone",
					"pivot": [0, 18, -10.5],
					"cubes": [
						{
							"origin": [-1, 0, -10],
							"size": [2, 34, 2],
							"uv": {
								"north": {"uv": [9.91667, 7.58333], "uv_size": [0.66667, 4.75]},
								"east": {"uv": [9.91667, 7.58333], "uv_size": [0.66667, 4.75]},
								"south": {"uv": [9.91667, 7.58333], "uv_size": [0.66667, 4.75]},
								"west": {"uv": [9.91667, 7.58333], "uv_size": [0.66667, 4.75]},
								"up": {"uv": [10.58333, 12.33333], "uv_size": [-0.66667, -4.75]},
								"down": {"uv": [10.58333, 12.33333], "uv_size": [-0.66667, -4.75]}
							}
						},
						{
							"origin": [-0.5, 0.5, -6.5],
							"size": [1, 33, 1],
							"uv": {
								"north": {"uv": [9.91667, 7.58333], "uv_size": [0.66667, 4.75]},
								"east": {"uv": [9.91667, 7.58333], "uv_size": [0.66667, 4.75]},
								"south": {"uv": [9.91667, 7.58333], "uv_size": [0.66667, 4.75]},
								"west": {"uv": [9.91667, 7.58333], "uv_size": [0.66667, 4.75]},
								"up": {"uv": [10.58333, 12.33333], "uv_size": [-0.66667, -4.75]},
								"down": {"uv": [10.58333, 12.33333], "uv_size": [-0.66667, -4.75]}
							}
						},
						{
							"origin": [-0.5, 0.5, -4.1],
							"size": [1, 33, 1],
							"uv": {
								"north": {"uv": [9.91667, 7.58333], "uv_size": [0.66667, 4.75]},
								"east": {"uv": [9.91667, 7.58333], "uv_size": [0.66667, 4.75]},
								"south": {"uv": [9.91667, 7.58333], "uv_size": [0.66667, 4.75]},
								"west": {"uv": [9.91667, 7.58333], "uv_size": [0.66667, 4.75]},
								"up": {"uv": [10.58333, 12.33333], "uv_size": [-0.66667, -4.75]},
								"down": {"uv": [10.58333, 12.33333], "uv_size": [-0.66667, -4.75]}
							}
						},
						{
							"origin": [-0.6, -9.2, -19.5],
							"size": [1.2, 18.5, 1],
							"pivot": [0, 0, 0],
							"rotation": [-90, 0, 0],
							"uv": {
								"north": {"uv": [9.91667, 7.58333], "uv_size": [0.66667, 4.75]},
								"east": {"uv": [9.91667, 7.58333], "uv_size": [0.66667, 4.75]},
								"south": {"uv": [9.91667, 7.58333], "uv_size": [0.66667, 4.75]},
								"west": {"uv": [9.91667, 7.58333], "uv_size": [0.66667, 4.75]},
								"up": {"uv": [10.58333, 12.33333], "uv_size": [-0.66667, -4.75]},
								"down": {"uv": [10.58333, 12.33333], "uv_size": [-0.66667, -4.75]}
							}
						},
						{
							"origin": [-0.6, -9.2, -14.9],
							"size": [1.2, 18.5, 1],
							"pivot": [0, 0, 0],
							"rotation": [-90, 0, 0],
							"uv": {
								"north": {"uv": [9.91667, 7.58333], "uv_size": [0.66667, 4.75]},
								"east": {"uv": [9.91667, 7.58333], "uv_size": [0.66667, 4.75]},
								"south": {"uv": [9.91667, 7.58333], "uv_size": [0.66667, 4.75]},
								"west": {"uv": [9.91667, 7.58333], "uv_size": [0.66667, 4.75]},
								"up": {"uv": [10.58333, 12.33333], "uv_size": [-0.66667, -4.75]},
								"down": {"uv": [10.58333, 12.33333], "uv_size": [-0.66667, -4.75]}
							}
						},
						{
							"origin": [-0.5, 0.5, -1.5],
							"size": [1, 33, 1],
							"uv": {
								"north": {"uv": [9.91667, 7.58333], "uv_size": [0.66667, 4.75]},
								"east": {"uv": [9.91667, 7.58333], "uv_size": [0.66667, 4.75]},
								"south": {"uv": [9.91667, 7.58333], "uv_size": [0.66667, 4.75]},
								"west": {"uv": [9.91667, 7.58333], "uv_size": [0.66667, 4.75]},
								"up": {"uv": [10.58333, 12.33333], "uv_size": [-0.66667, -4.75]},
								"down": {"uv": [10.58333, 12.33333], "uv_size": [-0.66667, -4.75]}
							}
						},
						{
							"origin": [-0.5, 0.5, 1],
							"size": [1, 33, 1],
							"uv": {
								"north": {"uv": [9.91667, 7.58333], "uv_size": [0.66667, 4.75]},
								"east": {"uv": [9.91667, 7.58333], "uv_size": [0.66667, 4.75]},
								"south": {"uv": [9.91667, 7.58333], "uv_size": [0.66667, 4.75]},
								"west": {"uv": [9.91667, 7.58333], "uv_size": [0.66667, 4.75]},
								"up": {"uv": [10.58333, 12.33333], "uv_size": [-0.66667, -4.75]},
								"down": {"uv": [10.58333, 12.33333], "uv_size": [-0.66667, -4.75]}
							}
						},
						{
							"origin": [-0.5, 0.5, 5.6],
							"size": [1, 33, 1],
							"uv": {
								"north": {"uv": [9.91667, 7.58333], "uv_size": [0.66667, 4.75]},
								"east": {"uv": [9.91667, 7.58333], "uv_size": [0.66667, 4.75]},
								"south": {"uv": [9.91667, 7.58333], "uv_size": [0.66667, 4.75]},
								"west": {"uv": [9.91667, 7.58333], "uv_size": [0.66667, 4.75]},
								"up": {"uv": [10.58333, 12.33333], "uv_size": [-0.66667, -4.75]},
								"down": {"uv": [10.58333, 12.33333], "uv_size": [-0.66667, -4.75]}
							}
						},
						{
							"origin": [-0.5, 0.5, 3.3],
							"size": [1, 33, 1],
							"uv": {
								"north": {"uv": [9.91667, 7.58333], "uv_size": [0.66667, 4.75]},
								"east": {"uv": [9.91667, 7.58333], "uv_size": [0.66667, 4.75]},
								"south": {"uv": [9.91667, 7.58333], "uv_size": [0.66667, 4.75]},
								"west": {"uv": [9.91667, 7.58333], "uv_size": [0.66667, 4.75]},
								"up": {"uv": [10.58333, 12.33333], "uv_size": [-0.66667, -4.75]},
								"down": {"uv": [10.58333, 12.33333], "uv_size": [-0.66667, -4.75]}
							}
						},
						{
							"origin": [-0.5, 24.8, -11.1],
							"size": [1, 4, 1.4],
							"uv": {
								"north": {"uv": [6.66667, 10.33333], "uv_size": [0.41667, 1]},
								"east": {"uv": [6.66667, 10.33333], "uv_size": [0.41667, 1]},
								"south": {"uv": [6.66667, 10.33333], "uv_size": [0.41667, 1]},
								"west": {"uv": [6.66667, 10.33333], "uv_size": [0.41667, 1]},
								"up": {"uv": [7.5, 10.33333], "uv_size": [-0.41667, -0.41667]},
								"down": {"uv": [7.5, 10.33333], "uv_size": [-0.41667, -0.41667]}
							}
						},
						{
							"origin": [-0.5, 5.8, -11.1],
							"size": [1, 4, 1.4],
							"uv": {
								"north": {"uv": [6.66667, 10.33333], "uv_size": [0.41667, 1]},
								"east": {"uv": [6.66667, 10.33333], "uv_size": [0.41667, 1]},
								"south": {"uv": [6.66667, 10.33333], "uv_size": [0.41667, 1]},
								"west": {"uv": [6.66667, 10.33333], "uv_size": [0.41667, 1]},
								"up": {"uv": [7.5, 10.33333], "uv_size": [-0.41667, -0.41667]},
								"down": {"uv": [7.5, 10.33333], "uv_size": [-0.41667, -0.41667]}
							}
						},
						{
							"origin": [-1, 0, 8],
							"size": [2, 34, 2],
							"uv": {
								"north": {"uv": [9.91667, 7.58333], "uv_size": [0.66667, 4.75]},
								"east": {"uv": [9.91667, 7.58333], "uv_size": [0.66667, 4.75]},
								"south": {"uv": [9.91667, 7.58333], "uv_size": [0.66667, 4.75]},
								"west": {"uv": [9.91667, 7.58333], "uv_size": [0.66667, 4.75]},
								"up": {"uv": [10.58333, 12.33333], "uv_size": [-0.66667, -4.75]},
								"down": {"uv": [10.58333, 12.33333], "uv_size": [-0.66667, -4.75]}
							}
						},
						{
							"origin": [-1, -3, 43],
							"size": [2, 16, 2],
							"pivot": [0, -3, 8],
							"rotation": [90, 0, 0],
							"uv": {
								"north": {"uv": [9.91667, 7.58333], "uv_size": [0.66667, 4.75]},
								"east": {"uv": [9.91667, 7.58333], "uv_size": [0.66667, 4.75]},
								"south": {"uv": [9.91667, 7.58333], "uv_size": [0.66667, 4.75]},
								"west": {"uv": [9.91667, 7.58333], "uv_size": [0.66667, 4.75]},
								"up": {"uv": [10.58333, 12.33333], "uv_size": [-0.66667, -4.75]},
								"down": {"uv": [10.58333, 12.33333], "uv_size": [-0.66667, -4.75]}
							}
						},
						{
							"origin": [-1, -3, 11],
							"size": [2, 16, 2],
							"pivot": [0, -3, 8],
							"rotation": [90, 0, 0],
							"uv": {
								"north": {"uv": [9.91667, 7.58333], "uv_size": [0.66667, 4.75]},
								"east": {"uv": [9.91667, 7.58333], "uv_size": [0.66667, 4.75]},
								"south": {"uv": [9.91667, 7.58333], "uv_size": [0.66667, 4.75]},
								"west": {"uv": [9.91667, 7.58333],